NO,KR_NAME,EN_NAME,DRCTR,MAKR,INCME,DISTB,MK_DATE,COUNTRY,SCRN_COUNT,VIEW_COUNT,GENRE,GRAND,POSTER,TRAILER,STORY,RUN_TIME
1,극장판 짱구는 못말려: 수수께끼! 꽃피는 천하떡잎학교,Crayon Shin-chan: School Mystery! The Splendid Tenkasu Academy,타카하시 와타루,N/A,(주)씨제이이엔엠,(주)씨제이이엔엠,2022-09-28,JP,873,0,애니메이션,ALL,Crayon Shin chan School Mystery The Splendid Tenkasu Academy.webp,"https://youtu.be/qAPdFL_Z1ck, https://youtu.be/tXcUGLKJpx4",AI 스마티가 통치하는 엘리트 양성 사립 명문 학교. 천하제일 떡잎마을 학교 일명 천하떡잎학교.이곳에서 학생회장 은질주의 안내와 함께 1주일 체험 입학을 하게 된 떡잎마을 방범대 친구들. 체험 입학 기간 동안 좋은 성적을 거두면 무려 정식으로 입학할 수 있다는 말을 들은 철수는 남몰래 모두 함께 입학하는 꿈을 품고 열심히 힘을 합쳐 생활하려 하지만...,105
2,에브리씽 에브리웨어 올 앳 원스,Everything Everywhere All at Once,"다니엘 콴,다니엘 쉐이너트",N/A,(주)더쿱디스트리뷰션,워터홀컴퍼니(주),2022-10-12,EN,620,0,액션,R15,Everything Everywhere All at Once.webp,"https://youtu.be/DVK6DvCwAGc, https://youtu.be/vOXJySPfMJY","미국에 이민 와 힘겹게 세탁소를 운영하던 에블린은 세무당국의 조사에 시달리던 어느 날 남편의 이혼 요구와 삐딱하게 구는 딸로 인해 대혼란에 빠진다. 그 순간 에블린은 멀티버스 안에서 수천, 수만의 자신이 세상을 살아가고 있다는 사실을 알게 되고 그 모든 능력을 빌려와 위기의 세상과 가족을 구해야 하는 운명에 처한다.",150
3,오펀: 천사의 탄생,Orphan: First Kill,윌리엄 브렌트 벨,N/A,(주)퍼스트런,메가박스중앙(주),2022-10-12,EN,707,0,공포(호러),R15,Orphan First Kill.webp,https://youtu.be/hvNlcRqSsFg,"에스토니아 정신병원 탈출 후, 미국으로 건너와 어느 부유한 가족과 만나 그들의 잃어버린 딸 행세를 하는 에스더와 그녀의 잔혹한 연대기의 시작을 알리는 작품. '오펀: 천사의 비밀' 프리퀄 버전",98
4,스마일,Smile,파커 핀,N/A,롯데컬처웍스(주)롯데엔터테인먼트,롯데컬처웍스(주)롯데엔터테인먼트,2022-10-06,EN,455,0,미스터리,R18,Smile.webp,"https://youtu.be/xiRLnZSNfzY, https://youtu.be/lAkHJZc5CsQ",그들이 저를 보며 웃고 있어요 기괴한 미소를 지으며 자신의 눈 앞에서 목숨을 끊는 환자를 목격한 정신과 의사 로즈. 그날 이후로 로즈의 일상에 설명할 수 없는 끔찍한 일들이 잇따라 발생한다. 일상을 덮친 공포에 발버둥치던 로즈는 이전에도 자신과 같은 일을 겪은 사람들이 있었고그들 모두 끔찍한 죽음을 피할 수 없었다는 사실을 알게 된다. 시시각각 다가오는 죽음에서 벗어나기 위해 사투를 벌이던 로즈는 잊고 싶던 과거와 마주하게 되는데… 너도 곧 웃게 될 거야,115
5,아바타 리마스터링,Avatar,제임스 카메론,N/A,월트디즈니컴퍼니코리아 유한책임회사,월트디즈니컴퍼니코리아 유한책임회사,2022-09-21,EN,285,0,SF,R12,Avatar.webp,https://youtu.be/IZpaMT1H85o,"인류의 마지막 희망, 행성 판도라! 이곳을 정복하기 위한 아바타 프로젝트가 시작된다! 가까운 미래, 지구는 에너지 고갈 문제를 해결하기 위해 머나먼 행성 판도라에서 대체 자원을 채굴하기 시작한다. 하지만 판도라의 독성을 지닌 대기로 인해 자원 획득에 어려움을 겪게 된 인류는 판도라의 토착민 나비족의 외형에 인간의 의식을 주입, 원격 조종이 가능한 새로운 생명체 아바타를 탄생시키는 프로그램을 개발한다.",166
6,대무가,Daemuga,이한종,(주)쿠키픽쳐스,N/A,"판씨네마(주),(주)케이티알파",2022-10-12,KR,587,0,드라마,R15,Daemuga.webp,"https://youtu.be/CnKvxceiahA, https://youtu.be/_oM4rJb-D84",쇼타임! 신들린 무당들의 통쾌한 한.판.대.결! 유아독존 신빨 대신 술빨로 버티는 40대 마성의 무당 마성준 백발백중 1타 무당을 꿈꾸며 역술계를 평정한 30대 스타트업 무당 청담도령 인생역전 갓생을 노리며 10주 완성 무당학원을 등록한 20대 취준생 무당 신남 신빨 떨어진 무당들이 용하다 소문난 전설의 대무가 비트로 뭉쳤다!,107
7,티켓 투 파라다이스,Ticket to Paradise,올 파커,N/A,유니버설픽쳐스인터내셔널 코리아(유),유니버설픽쳐스인터내셔널 코리아(유),2022-10-12,EN,581,0,멜로/로맨스,R12,Ticket to Paradise.webp,https://youtu.be/JiIEQY7WVbs,"사랑은 돌아오는 거야~ 돌싱글즈에게 찾아온 U턴 로맨스 한때, 미치게 사랑했지만 지금은 인생의 원수가 되어버린 이혼한 부부 조지아와 데이빗. 대학을 졸업하고 변호사로 대형 로펌 입사를 앞둔 딸 릴리가 여행지 발리에서 만난 운명 같은 사랑과 결혼을 선포하자 딸이 자신들과 같은 실수를 반복하는 걸 볼 수 없는 그들은 어쩔 수 없이 동맹을 맺고 결혼을 막으려는 계획을 세우게 된다. 그러나 거듭되는 작전에도 불구하고 딸 릴리의 결혼식은 순조롭게만 진행되고 같은 목표를 향해 합심하는 이들도 서로에게 조금씩 감정의 변화가 생기게 되는데…",104
8,스파이더맨: 노 웨이 홈 '펀버전',Spider-Man: No Way Home,존 왓츠,N/A,소니픽쳐스엔터테인먼트코리아주식회사극장배급지점,소니픽쳐스엔터테인먼트코리아주식회사극장배급지점,2022-10-05,EN,347,0,액션,R12,Spider Man No Way Home.webp,https://youtu.be/yFZh-Wqi7RI,미스테리오의 계략으로 세상에 정체가 탄로난 스파이더맨 피터 파커는 하루 아침에 평범한 일상을 잃게 된다. 문제를 해결하기 위해 닥터 스트레인지를 찾아가 도움을 청하지만 뜻하지 않게 멀티버스가 열리면서 각기 다른 차원의 불청객들이 나타난다. 닥터 옥토퍼스를 비롯해 스파이더맨에게 깊은 원한을 가진 숙적들의 강력한 공격에 피터 파커는 사상 최악의 위기를 맞게 되는데…,148
9,신 에반게리온 극장판,Evangelion: Thrice Upon a Time,안노 히데아키,N/A,미라지엔터테인먼트,(주)라이크콘텐츠,2022-10-05,JP,93,0,애니메이션,R15,Evangelion Thrice Upon a Time.webp,https://youtu.be/WU-x7lR_ans,안녕 모든 에반게리온.,155
10,탑건: 매버릭,Top Gun: Maverick,조셉 코신스키,N/A,롯데컬처웍스(주)롯데엔터테인먼트,롯데컬처웍스(주)롯데엔터테인먼트,2022-06-22,EN,0,0,액션,R12,Top Gun Maverick.webp,"https://youtu.be/dsyVH19Lfeo, https://youtu.be/0C-21OGwMd0, https://youtu.be/Mrj9XACVJ8U",한순간의 실수도 용납되지 않는 하늘 위 가장 압도적인 비행이 시작된다! 최고의 파일럿이자 전설적인 인물 매버릭은 자신이 졸업한 훈련학교 교관으로 발탁된다. 그의 명성을 모르던 팀원들은 매버릭의 지시를 무시하지만 실전을 방불케 하는 상공 훈련에서 눈으로 봐도 믿기 힘든 전설적인 조종 실력에 모두가 압도된다. 매버릭의 지휘 아래 견고한 팀워크를 쌓아가던 팀원들에게 국경을 뛰어넘는 위험한 임무가 주어지자 매버릭은 자신이 가르친 동료들과 함께 마지막이 될지 모를 하늘 위 비행에 나서는데…,130
11,명탐정 코난: 할로윈의 신부,Detective Conan: The Bride of Halloween,미츠나카 스스무,N/A,(주)씨제이이엔엠,(주)씨제이이엔엠,2022-07-13,JP,758,0,애니메이션,R12,Detective Conan The Bride of Halloween.webp,https://youtu.be/sfndyw8V4Q8,"극악무도한 폭파범 '플라먀'에 의해 교묘한 함정에 빠진 아무로 토오루! 모든 것이 베일에 가려진 '플라먀', 유일한 단서는 아무로 토오루가 그의 경찰 동기들과 마지막으로 함께 했던 하루. 이와 동시에 결혼식의 신부가 된 경시청의 사토 형사는 불길한 예감을 감출 수 없는데… 도시 전체를 인질로 삼은 '플라먀', 그리고 이를 막으려 하는 아무로 토오루와 명탐정 코난의 숨 막히는 공조! 다시 시작된 카운트다운, 할로윈의 밤이 광란으로 빛난다!",110
12,한산: 용의 출현,Hansan: Rising Dragon,김한민,(주)빅스톤픽쳐스,N/A,롯데컬처웍스(주)롯데엔터테인먼트,2022-07-27,KR,0,0,액션,R12,Hansan Rising Dragon.webp,"https://youtu.be/FLNUcZxCT6k, https://youtu.be/GduEtmvwcI0","나라의 운명을 바꿀 압도적 승리의 전투가 시작된다! 1592년 4월, 조선은 임진왜란 발발 후 단 15일 만에 왜군에 한양을 빼앗기며 절체절명의 위기에 놓인다. 조선을 단숨에 점령한 왜군은 명나라로 향하는 야망을 꿈꾸며 대규모 병력을 부산포로 집결시킨다. 한편, 이순신 장군은 연이은 전쟁의 패배와 선조마저 의주로 파천하며 수세에 몰린 상황에서도 조선을 구하기 위해 전술을 고민하며 출전을 준비한다. 하지만 앞선 전투에서 손상을 입은 거북선의 출정이 어려워지고, 거북선의 도면마저 왜군의 첩보에 의해 도난당하게 되는데… 왜군은 연승에 힘입어 그 우세로 한산도 앞바다로 향하고, 이순신 장군은 조선의 운명을 가를 전투를 위해 필사의 전략을 준비한다.1592년 여름, 음력 7월 8일 한산도 앞바다, 압도적인 승리가 필요한 조선의 운명을 건 해상 최고의 해전이 펼쳐진다.",150
13,미니언즈2,Minions: The Rise of Gru,카일 발다,N/A,유니버설픽쳐스인터내셔널 코리아(유),유니버설픽쳐스인터내셔널 코리아(유),2022-07-20,EN,0,0,애니메이션,ALL,Minions The Rise of Gru.webp,"https://youtu.be/qoXf5Zr3BhA, https://youtu.be/YKvx-igUpYc","오랜마니언! 세계 최고의 슈퍼 악당을 꿈꾸는 미니보스 그루와 그를 따라다니는 미니언들.어느 날 그루는 최고의 악당 조직 6의 마법 스톤을 훔치는데 성공하지만 뉴페이스 미니언 오토의 실수로 스톤을 잃어버리고 빌런6에게 납치까지 당한다. 미니보스를 구하기 위해 잃어버린 스톤을 되찾아야 하는 오토, 그리고 쿵푸를 마스터해야 하는 케빈, 스튜어트, 밥! 올여름 극장가를 점령할 MCU 미니언즈 시네마틱 유니버스 3가 돌아온다!",87
14,귀멸의 칼날: 장구저택 편,Demon Slayer -Kimetsu no Yaiba-: Tsuzumi Mansion Arc,소토자키 하루오,N/A,애니맥스 브로드캐스팅 코리아 유한회사,(주)박수엔터테인먼트,2022-09-15,JP,100,0,애니메이션,R15,Demon Slayer Kimetsu no Yaiba Tsuzumi Mansion Arc.webp,,"꺽쇠 까마귀가 일러준 다음 임무지는 남남동. 임무로 향하는 도중 탄지로는 최종 선별에서 만난 동기 검사인 아가츠마 젠이츠를 우연히 만난다. 젠이츠의 소극적인 태도에 애를 태우면서, 탄지로는 산의 오지에 있는 저택에 다다른다. 그곳에는 장구로 저택을 변화시킬 수 있는 능력을 가진 혈귀의 모습이 보이고, 심지어 멧돼지 얼굴의 기괴한 남자가 나타나는데…",87
15,주연,Ju Yeon,송원준,영화사 ?,N/A,(주)마노엔터테인먼트,2022-09-29,KR,20,993,드라마,R12,NA.jpg,https://youtu.be/oakPRl1FWNQ,"동생이 사라졌다. 아주 오래전부터.. 작은 분식집을 운영하는 부모님과 평범하지만 행복한 하루를 보내는 주혁과 주연. 어느 날, 살인사건이 발생했다는 소식과 함께 주연이 행방불명 되고, 사라진 주연의 흔적을 쫓을수록 주혁은 알 수 없는 진실들을 마주하게 된다.",130
16,놉,Nope,조던 필,N/A,유니버설픽쳐스인터내셔널 코리아(유),유니버설픽쳐스인터내셔널 코리아(유),2022-08-17,EN,0,409,미스터리,R12,Nope.webp,"https://youtu.be/a7Liol7o9H8, https://youtu.be/N03Y5xQp0Cw, https://youtu.be/JllzxDFhhnI","그것은 우리 위에 있다. 거대하고, 주목받길 원하고, 미쳤다. 나쁜 기적이라는 것도 있을까?",105
17,DC 리그 오브 슈퍼-펫,DC League of Super-Pets,"자레드 스턴,샘 레빈",N/A,워너브러더스 코리아(주),워너브러더스 코리아(주),2022-08-10,EN,585,105,애니메이션,ALL,DC League of Super Pets.webp,"https://youtu.be/X6o9bPZBhUk, https://youtu.be/Li8c20yy48M, https://youtu.be/rBRKMIHx310","하룻강아지 시절, 슈퍼맨과 함께 크립톤 행성에서 지구로 오게 된 슈퍼독 ‘크립토’ 환상의 콤비 슈퍼맨과 힘을 합쳐 메트로폴리스를 지키며 평화로운 일상을 보내던 어느 날, 악당 ‘렉스 루터’와 기니피그 ‘룰루’의 계략으로 슈퍼맨과 저스티스 리그의 슈퍼 히어로들이 위험에 처한다. 절체절명의 순간에 초능력을 잃어버리고만 ‘크립토’는 보호소에 떨어진 크립토나이트의 힘으로 어쩌다 슈퍼 펫이 된 유기동물 철벽방어 댕댕이 ‘에이스’, 위대한 꿀꿀이 ‘피비’, 초고속 거북이 ‘머튼’, 썬더볼트 다람쥐 ‘칩’에게 도움을 요청하는데…",82
18,썬다운,Sundown,미셸 프랑코,N/A,M&M 인터내셔널,M&M 인터내셔널,2022-08-31,FR,45,70,미스터리,R15,Sundown.webp,https://youtu.be/bf-FyhaB-pQ,부유한 영국인 닐은 여동생 앨리스 가족과 멕시코 바닷가에서 휴가를 즐기는 중 어머니 사망 소식을 듣는다. 닐은 여권을 잃어버렸다며 가족들을 먼저 영국으로 보내고 자신은 유유히 어느 해변으로 들어가 일광욕을 즐긴다. 영문을 알 수 없는 그의 일탈은 예상치 못한 사건을 불러일으키고 마는데…,111
19,암스테르담 바이스,Amsterdam Vice Baantjer het begin,아르네 투넨,N/A,(주)씨네마블랙,(주)씨네마블랙,2022-09-29,NL,5,60,액션,R15,Amsterdam Vice Baantjer het begin.webp,https://youtu.be/UBlynjLmbqI,1980년대 왕가에 대한 반감이 극에 치닫기 시작하고 일부 극단 주의자들의 테러가 시작된다. 그리고 이를 틈탄 거대한 음모를 막기 위해 경찰내에 특수 수사대가 투입된다.,88
20,풀타임,Full Time,N/A,N/A,주식회사 슈아픽처스,주식회사 슈아픽처스,2022-08-18,FR,59,55,드라마,ALL,NA.jpg,https://youtu.be/rnnK_1ObKW4,"파리 교외에서 홀로 두 아이를 기르는 쥘리는 파리 시내의 호텔 룸메이드로 일하며 장거리 출퇴근을 하고 있다. 그녀는 직장 상사 몰래 원하는 직장에 면접을 보게 되고 새로운 삶이 열릴 거라 기대한다. 그런데 전국적인 교통 파업이 발생하여 대중교통 시스템이 마비되자 자신의 직장도, 새롭게 얻으려는 직장도, 자신의 가정도, 아슬아슬하게 부여잡고 있던 일상의 모든 것이 엉망이 될 위기에 처한다. 오늘도 지각 위기에 놓여 절박한 표정으로 파리 시내를 전력 질주하는 쥘리.싱글맘의 전쟁 같은 삶에 과연 평화와 여유가 찾아올까?",124
21,기도의 숨결,Their Breath,"세실 베스노,이반 마사카",N/A,(주)영화사 진진,(주)영화사 진진,2022-08-18,FR,14,52,다큐멘터리,ALL,NA.jpg,https://youtu.be/xYp4X97TnVc,폴 세잔이 사랑한 알프스 남프랑스 모든 것이 그저 고요하고 아름다운 이곳에 평생을 서약한 성 베네딕도회 수녀들이 있다 “기도하고 일하라(Ora et Labora)” 일하고 먹고 노래하는 모든 호흡에침묵의 기도가 깃든다.,111
22,큐어,CURE,구로사와 기요시,N/A,M&M 인터내셔널,M&M 인터내셔널,2022-07-06,JP,55,52,공포(호러),R15,CURE.webp,https://youtu.be/gaT6VHRSrvQ,"도쿄 지역에서 동일한 방식의 엽기적인 연쇄 살인사건이 발생한다. 놀라운 것은 체포된 범인들이 하나같이 회사원, 교사, 경찰, 의사 등 평범한 사람들이라는 것. 평소 아무 문제가 없던 사람들이 똑같은 방식으로 살인을 저지른 것에 의문을 품은 다카베 형사(야쿠쇼 코지)는 이들이 모두 한 남자를 만난 후 범행을 저질렀다는 사실을 알게 된다.",93
23,룸 쉐어링,My Perfect Roommate,이순성,주식회사 티에스나린시네마,N/A,"주식회사 엔픽플,트윈플러스파트너스(주)",2022-06-22,KR,122,40,드라마,ALL,My Perfect Roommate.webp,https://youtu.be/rq7t09t0DGA,"새벽부터 다시 새벽까지 알바 스케줄로 꽉 찬 대학생 지웅은 월세를 아끼려 룸 쉐어링을 신청한다. 도착하자마자 보게 된 건 온갖 라인으로 꽉 채워진 집안 꼬락서니. 그리고 까다롭고 별난 할머니 금분의 각종 금기 사항?들! 금분은 밥은 각자 해결, 물과 전기 절약 필수, 정갈하게 구분해둔 알록달록 각자의 라인 안에서만 생활하기 등 나혼산 라이프를 꿈꾸던 지웅에게는 너무나 불가능한 규칙들을 읊기 시작하고, 지웅은 울며 겨자 먹기로 깐깐한 규칙들을 받아들이기로 하는데... 어디 하나 닮은 구석 없는 금분과 지웅의 물러설 수 없는 동거가 시작된다!",79
24,당신의 이웃은 친절하지 않다,Oh My God Bless You,안드로,(주)빅픽처,N/A,주식회사 씨엠닉스,2022-09-15,KR,10,38,미스터리,R15,NA.jpg,https://youtu.be/YxyPQHr7VMI,남쪽 끝 바닷가 마을. 성당의 고해소에서 여자 신부가 권태로운 표정을 짓고 있다. 신자들의 지루한 고백들만 이어지던 어느날 갑작스런 사망 사건을 시작으로 마을 전체가 죄악으로 물들기 시작한다.,159
25,엘비스,Elvis,바즈 루어만,N/A,워너브러더스 코리아(주),워너브러더스 코리아(주),2022-07-13,EN,665,36,드라마,R15,Elvis.webp,"https://youtu.be/p060n0SI5Rw, https://youtu.be/IftlUkSt5BQ, https://youtu.be/HkY_UQdb6jk",세계 최초의 아이돌 시대의 아이콘 영원한 슈퍼스타 엘비스의 모든 것이 뜨겁게 펼쳐진다! 미국 남부 멤피스에서 트럭을 몰며 음악의 꿈을 키우던 19살의 무명 가수 엘비스. 지역 라디오의 작은 무대에 서게 된 엘비스는 어디서도 본 적 없는 몸짓과 퍼포먼스로 무대를 압도하고 그에게 매료된 관객들에게 뜨거운 환호성을 받는다. 쇼 비즈니스 업계에서 일하던 톰 파커는 이를 목격하고 엘비스에게 스타로 만들어주겠다고 약속하며 함께할 것을 제안한다. 자신이 자라난 동네에서 보고 들은 흑인음악을 접목시킨 독특한 음색과 리듬 강렬한 퍼포먼스 화려한 패션까지 그의 모든 것이 대중을 사로잡으며 엘비스는 단숨에 스타의 반열에 올라선다. 그러나 시대를 앞서 나간 치명적이고 반항적인 존재감은 혼란스러운 시대 상황과 갈등을 빚게 되고 지금껏 쌓아온 모든 것이 한순간에 무너질 수 있다고 압박하는 톰 파커까지 가세해 엘비스는 그의 뜻과는 다른 선택을 하게 된다. 이로 인해 평생을 함께한 매니저 톰 파커와의 관계도 조금씩 어긋나기 시작하는데…,105
26,카고,Cargo,제임스 쿨렌 브레삭,N/A,(유)조이앤시네마,와이드 릴리즈(주),2022-09-00,EN,217,33,애니메이션,ALL,Cargo.webp,https://youtu.be/W5QJW0M5pik,서구권 영화좀비 사태가 벌어진 세상. 자동차를 타고 달아나다 숲에서 사고가 났고 정신을 차려보니 이미 아내는 좀비가 되어있었다. 주인공 아버지는 뒷 자석에 있는 갓난 아기 딸을 사투 끝에 빼오는데 이 과정에서 불행히도 팔을 물리고 만다. 하지만 침착하게 상황을 판단해 지도를 파악하여 팔에 마커로 메모를 하고 딸을 등에 메고 18km 떨어진 안전 지대를 향해 출발한다.,129
27,블레이즈,Blaze,에단 호크,N/A,주식회사 더쿱,주식회사 더쿱,2022-09-07,EN,5,28,멜로/로맨스,R15,Blaze.webp,NA.jpg,당신은 내 삶이고 음악이야 작은 술집을 떠돌며 노래를 부르던 컨트리 싱어송라이터 블레이즈. 그는 따뜻한 영혼을 가진 여인 시빌을 만나 운명같은 사랑을 시작한다. ,90
